{"0": {"precision": 0.7923875432525952, "recall": 0.9423868312757202, "f1-score": 0.8609022556390977, "support": 486.0}, "1": {"precision": 0.5625, "recall": 0.23076923076923078, "f1-score": 0.32727272727272727, "support": 156.0}, "accuracy": 0.7694704049844237, "macro avg": {"precision": 0.6774437716262975, "recall": 0.5865780310224755, "f1-score": 0.5940874914559124, "support": 642.0}, "weighted avg": {"precision": 0.7365270187239272, "recall": 0.7694704049844237, "f1-score": 0.7312352674379237, "support": 642.0}}