{"model_type": "RandomForest", "best_parameters": {"max_depth": 20, "min_samples_leaf": 2, "min_samples_split": 2, "n_estimators": 200}, "accuracy": 0.7694704049844237, "roc_auc": 0.7140445288593437, "num_train_samples": 1497, "num_test_samples": 642, "feature_importance": {"trt": 0.03012558789387699, "age": 0.07935940337965475, "wtkg": 0.09481626775737266, "hemo": 0.006284659685219, "homo": 0.01483163182468122, "drugs": 0.007282258327270719, "karnof": 0.025370692512271125, "oprior": 0.0027772211699873743, "z30": 0.008866971083259323, "zprior": 0.0, "preanti": 0.07094238433882978, "race": 0.012798487280094027, "gender": 0.008952581885892017, "str2": 0.007300563348735758, "strat": 0.01618190544166456, "symptom": 0.020181186023642383, "treat": 0.012347974940209467, "offtrt": 0.018185861838998195, "cd40": 0.13044280215953574, "cd420": 0.2451807519310461, "cd80": 0.0920390013006227, "cd820": 0.09573180587713616}}