{"0": {"precision": 0.8863636363636364, "recall": 0.9629629629629629, "f1-score": 0.9230769230769231, "support": 486.0}, "1": {"precision": 0.8421052631578947, "recall": 0.6153846153846154, "f1-score": 0.7111111111111111, "support": 156.0}, "accuracy": 0.8785046728971962, "macro avg": {"precision": 0.8642344497607655, "recall": 0.7891737891737891, "f1-score": 0.8170940170940171, "support": 642.0}, "weighted avg": {"precision": 0.8756092653042972, "recall": 0.8785046728971962, "f1-score": 0.8715712117581276, "support": 642.0}}