{"model_type": "RandomForest", "best_parameters": {"max_depth": null, "min_samples_leaf": 2, "min_samples_split": 5, "n_estimators": 200}, "accuracy": 0.8785046728971962, "roc_auc": 0.915585100770286, "num_train_samples": 1497, "num_test_samples": 642, "feature_importance": {"time": 0.3967287026405899, "trt": 0.01550443050425942, "age": 0.04363224979786949, "wtkg": 0.04690583587468184, "hemo": 0.006124377904939469, "homo": 0.009549744180797593, "drugs": 0.004470906397552615, "karnof": 0.013447111164808064, "oprior": 0.0021179313899602147, "z30": 0.006845254508169342, "zprior": 0.0, "preanti": 0.040823364860705695, "race": 0.012592813420049686, "gender": 0.006298885062244955, "str2": 0.005068198413745283, "strat": 0.012461124087325373, "symptom": 0.0131375098270975, "treat": 0.006571941313617252, "offtrt": 0.04454519109128741, "cd40": 0.07011634503333888, "cd420": 0.14499414777261288, "cd80": 0.05012568424381762, "cd820": 0.047938250510529565}}