{
  "feature_names": [
    "trt",
    "age",
    "wtkg",
    "hemo",
    "homo",
    "drugs",
    "karnof",
    "oprior",
    "z30",
    "zprior",
    "preanti",
    "race",
    "gender",
    "str2",
    "strat",
    "symptom",
    "treat",
    "offtrt",
    "cd40",
    "cd420",
    "cd80",
    "cd820"
  ],
  "importances": {
    "mean": [
      0.0009345794392523254,
      0.00031152647975075666,
      0.0029595015576323823,
      -0.00046728971962618494,
      -0.00202492211838009,
      0.00046728971962614054,
      -0.002803738317757043,
      -0.0012461059190031598,
      0.00015576323987535057,
      0.0,
      0.004049844236760092,
      -0.0015576323987539164,
      -0.0018691588785047064,
      -0.00015576323987542828,
      -0.0034267912772586117,
      0.001090342679127676,
      0.0028037383177569875,
      -0.00031152647975080106,
      -0.004205607476635542,
      0.045015576323987526,
      -3.3306690738754695e-17,
      -0.0007788161993769749
    ],
    "std": [
      0.0025308530855563784,
      0.003928199443276799,
      0.002554707082064913,
      0.0007137968372205614,
      0.0031191564477415458,
      0.0019764139471105196,
      0.0038659419457915518,
      0.0006230529595015799,
      0.0016262159671200113,
      0.0,
      0.0023312507082703673,
      0.0020897831565418515,
      0.0013579124434705946,
      0.001901332650425812,
      0.0023928802952861723,
      0.0029595015576323975,
      0.003398352683687147,
      0.0013579124434706098,
      0.00355536205934995,
      0.008226009923059753,
      0.002697898454157143,
      0.003636329448575927
    ]
  }
}