{"0": {"precision": 0.7896551724137931, "recall": 0.9423868312757202, "f1-score": 0.8592870544090057, "support": 486.0}, "1": {"precision": 0.5483870967741935, "recall": 0.21794871794871795, "f1-score": 0.3119266055045872, "support": 156.0}, "accuracy": 0.7663551401869159, "macro avg": {"precision": 0.6690211345939934, "recall": 0.5801677746122191, "f1-score": 0.5856068299567965, "support": 642.0}, "weighted avg": {"precision": 0.7310292848751988, "recall": 0.7663551401869159, "f1-score": 0.726283580843446, "support": 642.0}}