{"model_type": "RandomForest", "best_parameters": {"max_depth": null, "min_samples_leaf": 2, "min_samples_split": 2, "n_estimators": 100}, "accuracy": 0.7663551401869159, "roc_auc": 0.7137939221272556, "num_train_samples": 1497, "num_test_samples": 642, "feature_importance": {"trt": 0.029738541774816368, "age": 0.07884148811555071, "wtkg": 0.0942209873073105, "hemo": 0.0062532237330081945, "homo": 0.01553844502194004, "drugs": 0.006705664055480478, "karnof": 0.024396850306692686, "oprior": 0.0029773040235319265, "z30": 0.00821364000938288, "zprior": 0.0, "preanti": 0.07208007534944963, "race": 0.012258638341651529, "gender": 0.009351032830362573, "str2": 0.006995449548651841, "strat": 0.015249731881103996, "symptom": 0.019434936497297127, "treat": 0.011452022818176371, "offtrt": 0.018193581664966017, "cd40": 0.12900161315398412, "cd420": 0.25362317513493327, "cd80": 0.09052725122963244, "cd820": 0.09494634720207726}}