{
  "feature_names": [
    "time",
    "trt",
    "age",
    "wtkg",
    "hemo",
    "homo",
    "drugs",
    "karnof",
    "oprior",
    "z30",
    "zprior",
    "preanti",
    "race",
    "gender",
    "str2",
    "strat",
    "symptom",
    "treat",
    "offtrt",
    "cd40",
    "cd420",
    "cd80",
    "cd820"
  ],
  "importances": {
    "mean": [
      0.2247663551401869,
      0.0018691588785046509,
      0.007009345794392485,
      0.003894080996884719,
      0.00436137071651087,
      0.0056074766355139975,
      0.001713395638629256,
      -3.3306690738754695e-17,
      -0.0014018691588785549,
      0.004828660436137044,
      0.0,
      0.007009345794392474,
      0.005763239875389381,
      0.0012461059190030932,
      0.0018691588785046509,
      0.0012461059190030821,
      0.0004672897196261516,
      -1.1102230246251566e-17,
      0.029750778816199353,
      0.0009345794392523144,
      0.01947040498442364,
      0.00498442367601244,
      0.003738317757009313
    ],
    "std": [
      0.013051621133030657,
      0.002289242750264656,
      0.0031346747348128022,
      0.002629586139584751,
      0.0009345794392523255,
      0.003355242870488789,
      0.0010903426791277298,
      0.0015576323987539053,
      0.00046728971962618494,
      0.0020249221183800733,
      0.0,
      0.003056295462671118,
      0.0027907278609297487,
      0.0018164959173973053,
      0.0015261618335097617,
      0.001945482242491699,
      0.0027023912107316805,
      0.0012065368679774029,
      0.00770831341536362,
      0.0031308023741809642,
      0.005496036998248413,
      0.0031769591985001855,
      0.0031308023741809534
    ]
  }
}