{"0": {"precision": 0.8916349809885932, "recall": 0.9650205761316872, "f1-score": 0.9268774703557312, "support": 486.0}, "1": {"precision": 0.853448275862069, "recall": 0.6346153846153846, "f1-score": 0.7279411764705882, "support": 156.0}, "accuracy": 0.8847352024922118, "macro avg": {"precision": 0.8725416284253311, "recall": 0.7998179803735359, "f1-score": 0.8274093234131596, "support": 642.0}, "weighted avg": {"precision": 0.8823559685279425, "recall": 0.8847352024922118, "f1-score": 0.8785378101593413, "support": 642.0}}