{"model_type": "RandomForest", "best_parameters": {"max_depth": 10, "min_samples_leaf": 2, "min_samples_split": 5, "n_estimators": 200}, "accuracy": 0.8847352024922118, "roc_auc": 0.9152685448981746, "num_train_samples": 1497, "num_test_samples": 642, "feature_importance": {"time": 0.4250154648088886, "trt": 0.015320571774044894, "age": 0.04214128722002543, "wtkg": 0.04221876405642153, "hemo": 0.005587614786357067, "homo": 0.009438718451464238, "drugs": 0.004139846165405337, "karnof": 0.011972332288587963, "oprior": 0.0024635884645801496, "z30": 0.006393175695900829, "zprior": 0.0, "preanti": 0.037715697128064496, "race": 0.011255794425205613, "gender": 0.0053525959351965096, "str2": 0.005261521011417972, "strat": 0.011577122867242075, "symptom": 0.013294077886039713, "treat": 0.006026672033155995, "offtrt": 0.045520735139376135, "cd40": 0.0677049700067943, "cd420": 0.1428406954113827, "cd80": 0.04501920694801736, "cd820": 0.0437395474964311}}